,no_rabbithole,rabbit_hole,accuracy,macro avg,weighted avg,target,algorithm,score overall
precision,0.998566651,1,0.999283753,0.999283325,0.99928478,sessions_labeled_emotion_disgust,random_forest,0.999283753
recall,0.921700224,0.802699896,0.862823674,0.86220006,0.862823674,sessions_labeled_agency,decision_tree,0.862823674
f1-score,0.871622271,0.852730281,0.862823674,0.862176276,0.862275279,sessions_labeled_agency,decision_tree,0.862823674
support,4917,4815,0.862823674,9732,9732,sessions_labeled_agency,decision_tree,0.862823674
precision,0.999289941,1,0.999641705,0.99964497,0.99964196,sessions_labeled_emotion_sadness,random_forest,0.999641705
recall,0.980970969,0.970331588,0.975709001,0.975651278,0.975709001,sessions_labeled_agency,random_forest,0.975709001
f1-score,0.976089331,0.975316376,0.975709001,0.975702854,0.975707047,sessions_labeled_agency,random_forest,0.975709001
support,4099,4011,0.975709001,8110,8110,sessions_labeled_agency,random_forest,0.975709001
precision,0.999763258,1,0.99988064,0.999881629,0.999880668,sessions_labeled_emotion_shame,random_forest,0.99988064
recall,0.79906447,0.982969886,0.890053432,0.891017178,0.890053432,sessions_labeled_agency,KNN,0.890053432
f1-score,0.88015233,0.898443432,0.890053432,0.889297881,0.889202027,sessions_labeled_agency,KNN,0.890053432
support,4917,4815,0.890053432,9732,9732,sessions_labeled_agency,KNN,0.890053432
precision,0.998811505,0.999759731,0.999283068,0.999285618,0.999283522,sessions_labeled_emotion_anxiety,random_forest,0.999283068
recall,0.992190711,0,0.960031815,0.496095356,0.960031815,sessions_labeled_agency,SVM,0.960031815
f1-score,0.9796084,0,0.960031815,0.4898042,0.947857323,sessions_labeled_agency,SVM,0.960031815
support,4866,163,0.960031815,5029,5029,sessions_labeled_agency,SVM,0.960031815
precision,0.997138087,0.999280748,0.9982066,0.998209418,0.998208905,sessions_labeled_emotion_anger,random_forest,0.9982066
recall,0.915424889,0.873556106,0.894742205,0.894490497,0.894742205,sessions_labeled_agency_012,decision_tree,0.894742205
f1-score,0.897975309,0.891297485,0.894742205,0.894636397,0.894676543,sessions_labeled_agency_012,decision_tree,0.894742205
support,4966,4848,0.894742205,9814,9814,sessions_labeled_agency_012,decision_tree,0.894742205
precision,0.990692124,0.998058252,0.994344164,0.994375188,0.994371643,sessions_labeled_regret_765,random_forest,0.994344164
recall,0.987557941,0.974993871,0.981291269,0.981275906,0.981291269,sessions_labeled_agency_012,random_forest,0.981291269
f1-score,0.981452297,0.981127421,0.981291269,0.981289859,0.981290256,sessions_labeled_agency_012,random_forest,0.981291269
support,4099,4079,0.981291269,8178,8178,sessions_labeled_agency_012,random_forest,0.981291269
precision,0.990016639,0.997802734,0.993857642,0.993909687,0.993888587,sessions_labeled_emotion_boredom,random_forest,0.993857642
recall,0.83326621,0.986386139,0.908905645,0.909826174,0.908905645,sessions_labeled_agency_012,KNN,0.908905645
f1-score,0.902508179,0.914515204,0.908905645,0.908511691,0.908439507,sessions_labeled_agency_012,KNN,0.908905645
support,4966,4848,0.908905645,9814,9814,sessions_labeled_agency_012,KNN,0.908905645
precision,0.990073269,0.99754962,0.993743985,0.993811444,0.993772767,sessions_labeled_time_765,random_forest,0.993743985
recall,0.994094889,0,0.970769537,0.497047445,0.970769537,sessions_labeled_agency_012,SVM,0.970769537
f1-score,0.985167995,0,0.970769537,0.492583998,0.962052103,sessions_labeled_agency_012,SVM,0.970769537
support,4911,118,0.970769537,5029,5029,sessions_labeled_agency_012,SVM,0.970769537
precision,0.99374549,0.997117463,0.995432692,0.995431476,0.995438366,sessions_labeled_emotion_interest,random_forest,0.995432692
recall,0.955493741,0.934252598,0.944903856,0.94487317,0.944903856,sessions_labeled_emotion_anger,decision_tree,0.944903856
f1-score,0.945629732,0.944158336,0.944903856,0.944894034,0.944896159,sessions_labeled_emotion_anger,decision_tree,0.944903856
support,5033,5004,0.944903856,10037,10037,sessions_labeled_emotion_anger,decision_tree,0.944903856
precision,0.988089566,0.996056199,0.992004846,0.992072883,0.992037658,sessions_labeled_space_012,random_forest,0.992004846
recall,0.999282983,0.997129187,0.9982066,0.998206085,0.9982066,sessions_labeled_emotion_anger,random_forest,0.9982066
f1-score,0.998209383,0.998203808,0.9982066,0.998206595,0.998206597,sessions_labeled_emotion_anger,random_forest,0.9982066
support,4184,4180,0.9982066,8364,8364,sessions_labeled_emotion_anger,random_forest,0.9982066
precision,0.984751013,0.993098349,0.988853889,0.988924681,0.988890296,sessions_labeled_time,random_forest,0.988853889
recall,0.921915359,0.994604317,0.958154827,0.958259838,0.958154827,sessions_labeled_emotion_anger,KNN,0.958154827
f1-score,0.956701031,0.95951417,0.958154827,0.9581076,0.958103536,sessions_labeled_emotion_anger,KNN,0.958154827
support,5033,5004,0.958154827,10037,10037,sessions_labeled_emotion_anger,KNN,0.958154827
precision,1,0.99286705,0.996418979,0.996433525,0.996444523,sessions_labeled_emotion_shame,decision_tree,0.996418979
recall,0.999601276,0,0.9970173,0.499800638,0.9970173,sessions_labeled_emotion_anger,SVM,0.9970173
f1-score,0.998506422,0,0.9970173,0.499253211,0.995925276,sessions_labeled_emotion_anger,SVM,0.9970173
support,5016,13,0.9970173,5029,5029,sessions_labeled_emotion_anger,SVM,0.9970173
precision,0.98452237,0.990258159,0.987380172,0.987390264,0.987396876,sessions_labeled_regret,random_forest,0.987380172
recall,0.868190855,0.995212448,0.931594145,0.931701651,0.931594145,sessions_labeled_emotion_anxiety,decision_tree,0.931594145
f1-score,0.927077805,0.935583685,0.931594145,0.931330745,0.931323546,sessions_labeled_emotion_anxiety,decision_tree,0.931594145
support,5030,5013,0.931594145,10043,10043,sessions_labeled_emotion_anxiety,decision_tree,0.931594145
precision,0.975421687,0.98733863,0.981291269,0.981380158,0.981365586,sessions_labeled_agency_012,random_forest,0.981291269
recall,0.999762075,0.998799808,0.999283068,0.999280941,0.999283068,sessions_labeled_emotion_anxiety,random_forest,0.999283068
f1-score,0.999286564,0.999279539,0.999283068,0.999283051,0.999283067,sessions_labeled_emotion_anxiety,random_forest,0.999283068
support,4203,4166,0.999283068,8369,8369,sessions_labeled_emotion_anxiety,random_forest,0.999283068
precision,0.978077572,0.987166831,0.982567353,0.982622201,0.982610567,sessions_labeled_emotion_calm,random_forest,0.982567353
recall,0.962624254,0.997805705,0.980185204,0.98021498,0.980185204,sessions_labeled_emotion_anxiety,KNN,0.980185204
f1-score,0.979864414,0.980495933,0.980185204,0.980180173,0.980179639,sessions_labeled_emotion_anxiety,KNN,0.980185204
support,5030,5013,0.980185204,10043,10043,sessions_labeled_emotion_anxiety,KNN,0.980185204
precision,0.975521958,0.986201706,0.980743285,0.980861832,0.980804851,sessions_labeled_more,random_forest,0.980743285
recall,0.999203346,0,0.99761384,0.499601673,0.99761384,sessions_labeled_emotion_anxiety,SVM,0.99761384
f1-score,0.998805495,0,0.99761384,0.499402747,0.997216621,sessions_labeled_emotion_anxiety,SVM,0.99761384
support,5021,8,0.99761384,5029,5029,sessions_labeled_emotion_anxiety,SVM,0.99761384
precision,0.976473442,0.986145473,0.981261482,0.981309457,0.981310049,sessions_labeled_space,random_forest,0.981261482
recall,0.893872647,0.820285772,0.857171535,0.857079209,0.857171535,sessions_labeled_emotion_boredom,decision_tree,0.857171535
f1-score,0.86252536,0.851383812,0.857171535,0.856954586,0.856968565,sessions_labeled_emotion_boredom,decision_tree,0.857171535
support,4994,4969,0.857171535,9963,9963,sessions_labeled_emotion_boredom,decision_tree,0.857171535
precision,0.971256039,0.980352645,0.975709001,0.975804342,0.975754989,sessions_labeled_agency,random_forest,0.975709001
recall,0.997843795,0.989828046,0.993857642,0.99383592,0.993857642,sessions_labeled_emotion_boredom,random_forest,0.993857642
f1-score,0.993914807,0.993799392,0.993857642,0.9938571,0.993857412,sessions_labeled_emotion_boredom,random_forest,0.993857642
support,4174,4129,0.993857642,8303,8303,sessions_labeled_emotion_boredom,random_forest,0.993857642
precision,1,0.979667644,0.989654829,0.989833822,0.989865171,sessions_labeled_emotion_shame,KNN,0.989654829
recall,0.885062074,0.993157577,0.938974205,0.939109826,0.938974205,sessions_labeled_emotion_boredom,KNN,0.938974205
f1-score,0.935647756,0.941973659,0.938974205,0.938810708,0.938802771,sessions_labeled_emotion_boredom,KNN,0.938974205
support,4994,4969,0.938974205,9963,9963,sessions_labeled_emotion_boredom,KNN,0.938974205
precision,0.999796583,0.97878139,0.989057993,0.989288986,0.98928376,sessions_labeled_emotion_disgust,decision_tree,0.989057993
recall,0.997789833,0,0.987472659,0.498894917,0.987472659,sessions_labeled_emotion_boredom,SVM,0.987472659
f1-score,0.993696848,0,0.987472659,0.496848424,0.983421995,sessions_labeled_emotion_boredom,SVM,0.987472659
support,4977,52,0.987472659,5029,5029,sessions_labeled_emotion_boredom,SVM,0.987472659
precision,0.999186661,0.978578384,0.988660101,0.988882522,0.988877398,sessions_labeled_emotion_disgust,KNN,0.988660101
recall,0.830082445,0.883778234,0.856649396,0.85693034,0.856649396,sessions_labeled_emotion_calm,decision_tree,0.856649396
f1-score,0.854039516,0.859167582,0.856649396,0.856603549,0.856576718,sessions_labeled_emotion_calm,decision_tree,0.856649396
support,4973,4870,0.856649396,9843,9843,sessions_labeled_emotion_calm,decision_tree,0.856649396
precision,0.966658613,0.975903614,0.971144279,0.971281114,0.971194873,sessions_labeled_emotion_happiness,random_forest,0.971144279
recall,0.987354086,0.97775605,0.982567353,0.982555068,0.982567353,sessions_labeled_emotion_calm,random_forest,0.982567353
f1-score,0.982693937,0.982438905,0.982567353,0.982566421,0.982566747,sessions_labeled_emotion_calm,random_forest,0.982567353
support,4112,4091,0.982567353,8203,8203,sessions_labeled_emotion_calm,random_forest,0.982567353
precision,0.892081031,0.964253798,0.924692106,0.928167415,0.927795841,sessions_labeled_space_012,decision_tree,0.924692106
recall,0.839533481,0.980698152,0.909377222,0.910115816,0.909377222,sessions_labeled_emotion_calm,KNN,0.909377222
f1-score,0.903484094,0.91459211,0.909377222,0.909038102,0.908979984,sessions_labeled_emotion_calm,KNN,0.909377222
support,4973,4870,0.909377222,9843,9843,sessions_labeled_emotion_calm,KNN,0.909377222
precision,0.997733361,0.963776493,0.980185204,0.980754927,0.980783667,sessions_labeled_emotion_anxiety,KNN,0.980185204
recall,0.995340357,0,0.976933784,0.497670178,0.976933784,sessions_labeled_emotion_calm,SVM,0.976933784
f1-score,0.988332327,0,0.976933784,0.494166164,0.970055353,sessions_labeled_emotion_calm,SVM,0.976933784
support,4936,93,0.976933784,5029,5029,sessions_labeled_emotion_calm,SVM,0.976933784
precision,0.800296834,0.959590793,0.862743132,0.879943813,0.879560511,sessions_labeled_time_765,decision_tree,0.862743132
recall,0.97830414,0.999801153,0.989057993,0.989052647,0.989057993,sessions_labeled_emotion_disgust,decision_tree,0.989057993
f1-score,0.988933602,0.989179618,0.989057993,0.98905661,0.989056671,sessions_labeled_emotion_disgust,decision_tree,0.989057993
support,5024,5029,0.989057993,10053,10053,sessions_labeled_emotion_disgust,decision_tree,0.989057993
precision,0.935967302,0.954276383,0.944903856,0.945121843,0.945095392,sessions_labeled_emotion_anger,decision_tree,0.944903856
recall,1,0.998570407,0.999283753,0.999285204,0.999283753,sessions_labeled_emotion_disgust,random_forest,0.999283753
f1-score,0.999282811,0.999284692,0.999283753,0.999283752,0.999283754,sessions_labeled_emotion_disgust,random_forest,0.999283753
support,4180,4197,0.999283753,8377,8377,sessions_labeled_emotion_disgust,random_forest,0.999283753
precision,0.962651344,0.939150851,0.950620994,0.950901098,0.950924636,sessions_labeled_emotion_interest,decision_tree,0.950620994
recall,0.978105096,0.999204613,0.988660101,0.988654854,0.988660101,sessions_labeled_emotion_disgust,KNN,0.988660101
f1-score,0.988533494,0.988783943,0.988660101,0.988658719,0.988658781,sessions_labeled_emotion_disgust,KNN,0.988660101
support,5024,5029,0.988660101,10053,10053,sessions_labeled_emotion_disgust,KNN,0.988660101
precision,0.990773747,0.936162152,0.962082006,0.96346795,0.963674482,sessions_labeled_emotion_sadness,KNN,0.962082006
recall,1,0,0.999204613,0.5,0.999204613,sessions_labeled_emotion_disgust,SVM,0.999204613
f1-score,0.999602148,0,0.999204613,0.499801074,0.998807078,sessions_labeled_emotion_disgust,SVM,0.999204613
support,5025,4,0.999204613,5029,5029,sessions_labeled_emotion_disgust,SVM,0.999204613
precision,0.994214699,0.926815642,0.958154827,0.960515171,0.960612539,sessions_labeled_emotion_anger,KNN,0.958154827
recall,0.830740892,0.860142797,0.845252902,0.845441845,0.845252902,sessions_labeled_emotion_happiness,decision_tree,0.845252902
f1-score,0.844657164,0.845844089,0.845252902,0.845250626,0.845242999,sessions_labeled_emotion_happiness,decision_tree,0.845252902
support,4886,4762,0.845252902,9648,9648,sessions_labeled_emotion_happiness,decision_tree,0.845252902
precision,0.888716356,0.91565242,0.901581722,0.902184388,0.902062398,sessions_labeled_finished,random_forest,0.901581722
recall,0.977045177,0.965019011,0.971144279,0.971032094,0.971144279,sessions_labeled_emotion_happiness,random_forest,0.971144279
f1-score,0.971824144,0.970430793,0.971144279,0.971127468,0.971140466,sessions_labeled_emotion_happiness,random_forest,0.971144279
support,4095,3945,0.971144279,8040,8040,sessions_labeled_emotion_happiness,random_forest,0.971144279
precision,0.904677673,0.913390663,0.908945046,0.909034168,0.908999218,sessions_labeled_regret_765,decision_tree,0.908945046
recall,0.769750307,0.975220496,0.871165008,0.872485401,0.871165008,sessions_labeled_emotion_happiness,KNN,0.871165008
f1-score,0.858185967,0.881967524,0.871165008,0.870076746,0.869923921,sessions_labeled_emotion_happiness,KNN,0.871165008
support,4886,4762,0.871165008,9648,9648,sessions_labeled_emotion_happiness,KNN,0.871165008
precision,0.989940958,0.912215857,0.947816506,0.951078407,0.951156257,sessions_labeled_emotion_interest,KNN,0.947816506
recall,0.992111273,0.004716981,0.950487174,0.498414127,0.950487174,sessions_labeled_emotion_happiness,SVM,0.950487174
f1-score,0.974609972,0.007968127,0.950487174,0.49128905,0.933860704,sessions_labeled_emotion_happiness,SVM,0.950487174
support,4817,212,0.950487174,5029,5029,sessions_labeled_emotion_happiness,SVM,0.950487174
precision,0.998691956,0.911920894,0.951532643,0.955306425,0.955634579,sessions_labeled_emotion_sadness,decision_tree,0.951532643
recall,0.93782487,0.963468487,0.950620994,0.950646678,0.950620994,sessions_labeled_emotion_interest,decision_tree,0.950620994
f1-score,0.950075949,0.951154265,0.950620994,0.950615107,0.950614027,sessions_labeled_emotion_interest,decision_tree,0.950620994
support,5002,4982,0.950620994,9984,9984,sessions_labeled_emotion_interest,decision_tree,0.950620994
precision,0.881178523,0.909774436,0.894742205,0.89547648,0.895304566,sessions_labeled_agency_012,decision_tree,0.894742205
recall,0.997103548,0.993775437,0.995432692,0.995439493,0.995432692,sessions_labeled_emotion_interest,random_forest,0.995432692
f1-score,0.995421687,0.995443645,0.995432692,0.995432666,0.995432711,sessions_labeled_emotion_interest,random_forest,0.995432692
support,4143,4177,0.995432692,8320,8320,sessions_labeled_emotion_interest,random_forest,0.995432692
precision,0.826705582,0.909411765,0.862823674,0.868058673,0.867625256,sessions_labeled_agency,decision_tree,0.862823674
recall,0.905037985,0.99076676,0.947816506,0.947902373,0.947816506,sessions_labeled_emotion_interest,KNN,0.947816506
f1-score,0.945587467,0.949870105,0.947816506,0.947728786,0.947724497,sessions_labeled_emotion_interest,KNN,0.947816506
support,5002,4982,0.947816506,9984,9984,sessions_labeled_emotion_interest,KNN,0.947816506
precision,0.989223664,0.902672811,0.942137986,0.945948238,0.946295413,sessions_labeled_regret_765,KNN,0.942137986
recall,0.997996795,0.027027027,0.990853052,0.512511911,0.990853052,sessions_labeled_emotion_interest,SVM,0.990853052
f1-score,0.995404595,0.041666667,0.990853052,0.518535631,0.988387633,sessions_labeled_emotion_interest,SVM,0.990853052
support,4992,37,0.990853052,5029,5029,sessions_labeled_emotion_interest,SVM,0.990853052
precision,0.985663873,0.900367647,0.939141769,0.94301576,0.943221005,sessions_labeled_time_765,KNN,0.939141769
recall,0.904978269,0.998796631,0.951532643,0.95188745,0.951532643,sessions_labeled_emotion_sadness,decision_tree,0.951532643
f1-score,0.949528449,0.953383747,0.951532643,0.951456098,0.951441517,sessions_labeled_emotion_sadness,decision_tree,0.951532643
support,5062,4986,0.951532643,10048,10048,sessions_labeled_emotion_sadness,decision_tree,0.951532643
precision,0.776935011,0.89717288,0.825984895,0.837053945,0.836820784,sessions_labeled_space,decision_tree,0.825984895
recall,1,0.999277283,0.999641705,0.999638641,0.999641705,sessions_labeled_emotion_sadness,random_forest,0.999641705
f1-score,0.999644844,0.999638511,0.999641705,0.999641677,0.999641704,sessions_labeled_emotion_sadness,random_forest,0.999641705
support,4222,4151,0.999641705,8373,8373,sessions_labeled_emotion_sadness,random_forest,0.999641705
precision,0.86859472,0.896136795,0.881787845,0.882365758,0.882303093,sessions_labeled_regret,decision_tree,0.881787845
recall,0.933425524,0.991175291,0.962082006,0.962300407,0.962082006,sessions_labeled_emotion_sadness,KNN,0.962082006
f1-score,0.961245041,0.962883585,0.962082006,0.962064313,0.962058116,sessions_labeled_emotion_sadness,KNN,0.962082006
support,5062,4986,0.962082006,10048,10048,sessions_labeled_emotion_sadness,KNN,0.962082006
precision,0.992366412,0.895806861,0.938974205,0.944086637,0.944207785,sessions_labeled_emotion_boredom,KNN,0.938974205
recall,0.999402985,0,0.998608073,0.499701493,0.998608073,sessions_labeled_emotion_sadness,SVM,0.998608073
f1-score,0.999303552,0,0.998608073,0.499651776,0.998508719,sessions_labeled_emotion_sadness,SVM,0.998608073
support,5025,4,0.998608073,5029,5029,sessions_labeled_emotion_sadness,SVM,0.998608073
precision,0.833302221,0.884932696,0.857171535,0.859117459,0.859052681,sessions_labeled_emotion_boredom,decision_tree,0.857171535
recall,0.992859976,1,0.996418979,0.996429988,0.996418979,sessions_labeled_emotion_shame,decision_tree,0.996418979
f1-score,0.996417197,0.99642076,0.996418979,0.996418979,0.996418973,sessions_labeled_emotion_shame,decision_tree,0.996418979
support,5042,5011,0.996418979,10053,10053,sessions_labeled_emotion_shame,decision_tree,0.996418979
precision,0.990371389,0.882938303,0.930326626,0.936654846,0.936899284,sessions_labeled_regret,KNN,0.930326626
recall,1,0.999759326,0.99988064,0.999879663,0.99988064,sessions_labeled_emotion_shame,random_forest,0.99988064
f1-score,0.999881615,0.999879649,0.99988064,0.999880632,0.99988064,sessions_labeled_emotion_shame,random_forest,0.99988064
support,4223,4155,0.99988064,8378,8378,sessions_labeled_emotion_shame,random_forest,0.99988064
precision,0.994534275,0.882696391,0.931594145,0.938615333,0.938709988,sessions_labeled_emotion_anxiety,decision_tree,0.931594145
recall,0.979373265,1,0.989654829,0.989686632,0.989654829,sessions_labeled_emotion_shame,KNN,0.989654829
f1-score,0.989579158,0.989729409,0.989654829,0.989654284,0.989654052,sessions_labeled_emotion_shame,KNN,0.989654829
support,5042,5011,0.989654829,10053,10053,sessions_labeled_emotion_shame,KNN,0.989654829
precision,0.837419842,0.882250706,0.858253407,0.859835274,0.859701754,sessions_labeled_time,decision_tree,0.858253407
recall,1,0,0.999801153,0.5,0.999801153,sessions_labeled_emotion_shame,SVM,0.999801153
f1-score,0.999900567,0,0.999801153,0.499950283,0.99970174,sessions_labeled_emotion_shame,SVM,0.999801153
support,5028,1,0.999801153,5029,5029,sessions_labeled_emotion_shame,SVM,0.999801153
precision,0.992420763,0.876981268,0.927720573,0.934701015,0.935295343,sessions_labeled_space_012,KNN,0.927720573
recall,0.8909699,0.698246413,0.795628662,0.794608156,0.795628662,sessions_labeled_finished,decision_tree,0.795628662
f1-score,0.815011218,0.771709036,0.795628662,0.793360127,0.79358942,sessions_labeled_finished,decision_tree,0.795628662
support,4485,4391,0.795628662,8876,8876,sessions_labeled_finished,decision_tree,0.795628662
precision,0.983949756,0.865858009,0.917112569,0.924903883,0.925255594,sessions_labeled_time,KNN,0.917112569
recall,0.920150054,0.882673943,0.901581722,0.901411998,0.901581722,sessions_labeled_finished,random_forest,0.901581722
f1-score,0.904160084,0.898860795,0.901581722,0.901510439,0.901534439,sessions_labeled_finished,random_forest,0.901581722
support,3732,3665,0.901581722,7397,7397,sessions_labeled_finished,random_forest,0.901581722
precision,0.750986657,0.862447257,0.795628662,0.806716957,0.806126753,sessions_labeled_finished,decision_tree,0.795628662
recall,0.66845039,0.942382145,0.80396575,0.805416268,0.80396575,sessions_labeled_finished,KNN,0.80396575
f1-score,0.775077559,0.826277955,0.80396575,0.800677757,0.800406642,sessions_labeled_finished,KNN,0.80396575
support,4485,4391,0.80396575,8876,8876,sessions_labeled_finished,KNN,0.80396575
precision,0.980266286,0.857832618,0.910389875,0.919049452,0.919286872,sessions_labeled_space,KNN,0.910389875
recall,0.981102004,0.021978022,0.859614237,0.501540013,0.859614237,sessions_labeled_finished,SVM,0.859614237
f1-score,0.924281424,0.038147139,0.859614237,0.481214282,0.812038923,sessions_labeled_finished,SVM,0.859614237
support,4392,637,0.859614237,5029,5029,sessions_labeled_finished,SVM,0.859614237
precision,0.977980792,0.856835307,0.909377222,0.917408049,0.9180419,sessions_labeled_emotion_calm,KNN,0.909377222
recall,0.863415621,0.790745714,0.827455791,0.827080667,0.827455791,sessions_labeled_more,decision_tree,0.827455791
f1-score,0.834865975,0.819349315,0.827455791,0.827107645,0.827187742,sessions_labeled_more,decision_tree,0.827455791
support,4942,4841,0.827455791,9783,9783,sessions_labeled_more,decision_tree,0.827455791
precision,0.984300666,0.852406417,0.908905645,0.918353542,0.919146466,sessions_labeled_agency_012,KNN,0.908905645
recall,0.986650485,0.974708654,0.980743285,0.98067957,0.980743285,sessions_labeled_more,random_forest,0.980743285
f1-score,0.981054664,0.980421499,0.980743285,0.980738081,0.98074146,sessions_labeled_more,random_forest,0.980743285
support,4120,4033,0.980743285,8153,8153,sessions_labeled_more,random_forest,0.980743285
precision,0.808143939,0.850099933,0.827455791,0.829121936,0.828905359,sessions_labeled_more,decision_tree,0.827455791
recall,0.819910967,0.975624871,0.896964121,0.897767919,0.896964121,sessions_labeled_more,KNN,0.896964121
f1-score,0.889376646,0.903577578,0.896964121,0.896477112,0.896403807,sessions_labeled_more,KNN,0.896964121
support,4942,4841,0.896964121,9783,9783,sessions_labeled_more,KNN,0.896964121
precision,0.971702638,0.841439515,0.896964121,0.906571077,0.907243497,sessions_labeled_more,KNN,0.896964121
recall,0.994476268,0.014184397,0.96699145,0.504330333,0.96699145,sessions_labeled_more,SVM,0.96699145
f1-score,0.983211974,0.023529412,0.96699145,0.503370693,0.956304986,sessions_labeled_more,SVM,0.96699145
support,4888,141,0.96699145,5029,5029,sessions_labeled_more,SVM,0.96699145
precision,0.879420537,0.835890464,0.856649396,0.857655501,0.857883256,sessions_labeled_emotion_calm,decision_tree,0.856649396
recall,0.900946245,0.862454287,0.881787845,0.881700266,0.881787845,sessions_labeled_regret,decision_tree,0.881787845
f1-score,0.88447475,0.878972979,0.881787845,0.881723865,0.881736382,sessions_labeled_regret,decision_tree,0.881787845
support,4967,4922,0.881787845,9889,9889,sessions_labeled_regret,decision_tree,0.881787845
precision,0.859047619,0.832013,0.845252902,0.84553031,0.84570404,sessions_labeled_emotion_happiness,decision_tree,0.845252902
recall,0.990270007,0.984503632,0.987380172,0.98738682,0.987380172,sessions_labeled_regret,random_forest,0.987380172
f1-score,0.987387824,0.987372511,0.987380172,0.987380168,0.98738015,sessions_labeled_regret,random_forest,0.987380172
support,4111,4130,0.987380172,8241,8241,sessions_labeled_regret,random_forest,0.987380172
precision,0.97955622,0.827302919,0.890053432,0.90342957,0.904227445,sessions_labeled_agency,KNN,0.890053432
recall,0.869740286,0.991466883,0.930326626,0.930603585,0.930326626,sessions_labeled_regret,KNN,0.930326626
f1-score,0.926144281,0.934060676,0.930326626,0.930102478,0.930084467,sessions_labeled_regret,KNN,0.930326626
support,4967,4922,0.930326626,9889,9889,sessions_labeled_regret,KNN,0.930326626
precision,0.969579789,0.8049922,0.871165008,0.887285994,0.888343667,sessions_labeled_emotion_happiness,KNN,0.871165008
recall,0.996556613,0,0.978325711,0.498278307,0.978325711,sessions_labeled_regret,SVM,0.978325711
f1-score,0.989044125,0,0.978325711,0.494522063,0.970950655,sessions_labeled_regret,SVM,0.978325711
support,4937,92,0.978325711,5029,5029,sessions_labeled_regret,SVM,0.978325711
precision,0.922177791,0.735644444,0.80396575,0.828911118,0.829898845,sessions_labeled_finished,KNN,0.80396575
recall,0.915837644,0.901940962,0.908945046,0.908889303,0.908945046,sessions_labeled_regret_765,decision_tree,0.908945046
f1-score,0.910223453,0.907629705,0.908945046,0.908926579,0.908936983,sessions_labeled_regret_765,decision_tree,0.908945046
support,5026,4946,0.908945046,9972,9972,sessions_labeled_regret_765,decision_tree,0.908945046
precision,0.873682076,0.144329897,0.859614237,0.509005987,0.781298434,sessions_labeled_finished,SVM,0.859614237
recall,0.998076461,0.990604674,0.994344164,0.994340567,0.994344164,sessions_labeled_regret_765,random_forest,0.994344164
f1-score,0.994370583,0.994317495,0.994344164,0.994344039,0.994344065,sessions_labeled_regret_765,random_forest,0.994344164
support,4159,4151,0.994344164,8310,8310,sessions_labeled_regret_765,random_forest,0.994344164
precision,0.992825827,0.090909091,0.990853052,0.541867459,0.98619013,sessions_labeled_emotion_interest,SVM,0.990853052
recall,0.894946279,0.990093004,0.942137986,0.942519642,0.942137986,sessions_labeled_regret_765,KNN,0.942137986
f1-score,0.939726314,0.944364092,0.942137986,0.942045203,0.9420266,sessions_labeled_regret_765,KNN,0.942137986
support,5026,4946,0.942137986,9972,9972,sessions_labeled_regret_765,KNN,0.942137986
precision,0.9722,0.068965517,0.96699145,0.520582759,0.946875669,sessions_labeled_more,SVM,0.96699145
recall,0.997996795,0,0.990654206,0.498998397,0.990654206,sessions_labeled_regret_765,SVM,0.990654206
f1-score,0.995305164,0,0.990654206,0.497652582,0.987982378,sessions_labeled_regret_765,SVM,0.990654206
support,4992,37,0.990654206,5029,5029,sessions_labeled_regret_765,SVM,0.990654206
precision,0.957715431,0.025641026,0.950487174,0.491678228,0.91842337,sessions_labeled_emotion_happiness,SVM,0.950487174
recall,0.916429443,0.734836066,0.825984895,0.825632754,0.825984895,sessions_labeled_space,decision_tree,0.825984895
f1-score,0.840936655,0.807930607,0.825984895,0.824433631,0.824497635,sessions_labeled_space,decision_tree,0.825984895
support,4918,4880,0.825984895,9798,9798,sessions_labeled_space,decision_tree,0.825984895
precision,0.967341214,0,0.960031815,0.483670607,0.935987741,sessions_labeled_agency,SVM,0.960031815
recall,0.986281235,0.976242959,0.981261482,0.981262097,0.981261482,sessions_labeled_space,random_forest,0.981261482
f1-score,0.981352834,0.981169231,0.981261482,0.981261032,0.981261021,sessions_labeled_space,random_forest,0.981261482
support,4082,4083,0.981261482,8165,8165,sessions_labeled_space,random_forest,0.981261482
precision,0.9764,0,0.970769537,0.4882,0.953489839,sessions_labeled_agency_012,SVM,0.970769537
recall,0.838348922,0.982991803,0.910389875,0.910670363,0.910389875,sessions_labeled_space,KNN,0.910389875
f1-score,0.903770276,0.916157372,0.910389875,0.909963824,0.909939803,sessions_labeled_space,KNN,0.910389875
support,4918,4880,0.910389875,9798,9798,sessions_labeled_space,KNN,0.910389875
precision,0.997413965,0,0.9970173,0.498706982,0.994835643,sessions_labeled_emotion_anger,SVM,0.9970173
recall,0.995492727,0,0.966196063,0.497746363,0.966196063,sessions_labeled_space,SVM,0.966196063
f1-score,0.982807443,0,0.966196063,0.491403722,0.953884098,sessions_labeled_space,SVM,0.966196063
support,4881,148,0.966196063,5029,5029,sessions_labeled_space,SVM,0.966196063
precision,0.99840796,0,0.99761384,0.49920398,0.996819719,sessions_labeled_emotion_anxiety,SVM,0.99761384
recall,0.96802558,0.880456956,0.924692106,0.924241268,0.924692106,sessions_labeled_space_012,decision_tree,0.924692106
f1-score,0.928502971,0.920452122,0.924692106,0.924477547,0.924518995,sessions_labeled_space_012,decision_tree,0.924692106
support,5004,4902,0.924692106,9906,9906,sessions_labeled_space_012,decision_tree,0.924692106
precision,0.989637306,0,0.987472659,0.494818653,0.979404428,sessions_labeled_emotion_boredom,SVM,0.987472659
recall,0.996157541,0.987778049,0.992004846,0.991967795,0.992004846,sessions_labeled_space_012,random_forest,0.992004846
f1-score,0.992107151,0.991899853,0.992004846,0.992003502,0.992004419,sessions_labeled_space_012,random_forest,0.992004846
support,4164,4091,0.992004846,8255,8255,sessions_labeled_space_012,random_forest,0.992004846
precision,0.981422293,0,0.976933784,0.490711147,0.963273104,sessions_labeled_emotion_calm,SVM,0.976933784
recall,0.863509193,0.993268054,0.927720573,0.928388623,0.927720573,sessions_labeled_space_012,KNN,0.927720573
f1-score,0.923487925,0.93150947,0.927720573,0.927498697,0.927457399,sessions_labeled_space_012,KNN,0.927720573
support,5004,4902,0.927720573,9906,9906,sessions_labeled_space_012,KNN,0.927720573
precision,0.999204613,0,0.999204613,0.499602307,0.998409859,sessions_labeled_emotion_disgust,SVM,0.999204613
recall,0.996764408,0,0.980115331,0.498382204,0.980115331,sessions_labeled_space_012,SVM,0.980115331
f1-score,0.989957823,0,0.980115331,0.494978911,0.973422437,sessions_labeled_space_012,SVM,0.980115331
support,4945,84,0.980115331,5029,5029,sessions_labeled_space_012,SVM,0.980115331
precision,0.999204138,0,0.998608073,0.499602069,0.998409385,sessions_labeled_emotion_sadness,SVM,0.998608073
recall,0.89120835,0.824903514,0.858253407,0.858055932,0.858253407,sessions_labeled_time,decision_tree,0.858253407
f1-score,0.863477246,0.852613899,0.858253407,0.858045573,0.858077927,sessions_labeled_time,decision_tree,0.858253407
support,4982,4923,0.858253407,9905,9905,sessions_labeled_time,decision_tree,0.858253407
precision,0.999801153,0,0.999801153,0.499900577,0.999602346,sessions_labeled_emotion_shame,SVM,0.999801153
recall,0.993270848,0.984363548,0.988853889,0.988817198,0.988853889,sessions_labeled_time,random_forest,0.988853889
f1-score,0.988992582,0.988711656,0.988853889,0.988852119,0.988853276,sessions_labeled_time,random_forest,0.988853889
support,4161,4093,0.988853889,8254,8254,sessions_labeled_time,random_forest,0.988853889
precision,0.981644054,0,0.978325711,0.490822027,0.963685961,sessions_labeled_regret,SVM,0.978325711
recall,0.849056604,0.985984156,0.917112569,0.91752038,0.917112569,sessions_labeled_time,KNN,0.917112569
f1-score,0.911539705,0.922024884,0.917112569,0.916782294,0.916751066,sessions_labeled_time,KNN,0.917112569
support,4982,4923,0.917112569,9905,9905,sessions_labeled_time,KNN,0.917112569
precision,0.992628014,0,0.990654206,0.496314007,0.985324924,sessions_labeled_regret_765,SVM,0.990654206
recall,0.996963563,0,0.979319944,0.498481781,0.979319944,sessions_labeled_time,SVM,0.979319944
f1-score,0.989551939,0,0.979319944,0.494775969,0.972039487,sessions_labeled_time,SVM,0.979319944
support,4940,89,0.979319944,5029,5029,sessions_labeled_time,SVM,0.979319944
precision,0.970441382,0,0.966196063,0.485220691,0.941881962,sessions_labeled_space,SVM,0.966196063
recall,0.968469367,0.755994358,0.862743132,0.862231863,0.862743132,sessions_labeled_time_765,decision_tree,0.862743132
f1-score,0.876388262,0.84571171,0.862743132,0.861049986,0.861123801,sessions_labeled_time_765,decision_tree,0.862743132
support,5011,4963,0.862743132,9974,9974,sessions_labeled_time_765,decision_tree,0.862743132
precision,0.983243567,0,0.980115331,0.491621783,0.96682033,sessions_labeled_space_012,SVM,0.980115331
recall,0.997618481,0.989788476,0.993743985,0.993703478,0.993743985,sessions_labeled_time_765,random_forest,0.993743985
f1-score,0.993831554,0.993653893,0.993743985,0.993742724,0.993743643,sessions_labeled_time_765,random_forest,0.993743985
support,4199,4113,0.993743985,8312,8312,sessions_labeled_time_765,random_forest,0.993743985
precision,0.982249701,0,0.979319944,0.49112485,0.964866479,sessions_labeled_time,SVM,0.979319944
recall,0.891837956,0.986903083,0.939141769,0.93937052,0.939141769,sessions_labeled_time_765,KNN,0.939141769
f1-score,0.936406496,0.941651447,0.939141769,0.939028971,0.93901635,sessions_labeled_time_765,KNN,0.939141769
support,5011,4963,0.939141769,9974,9974,sessions_labeled_time_765,KNN,0.939141769
precision,0.990240988,0,0.988665739,0.495120494,0.980592587,sessions_labeled_time_765,SVM,0.988665739
recall,0.998393574,0,0.988665739,0.499196787,0.988665739,sessions_labeled_time_765,SVM,0.988665739
f1-score,0.99430057,0,0.988665739,0.497150285,0.984612614,sessions_labeled_time_765,SVM,0.988665739
support,4980,49,0.988665739,5029,5029,sessions_labeled_time_765,SVM,0.988665739
